Workbook

Sheet 종합비교표
B1: 그린리모델링·에너지절감·주거복지 개선 지원사업 종합 비교 데이터베이스 (기준일: 2026-09-08)
B2: 연번 | C2: 구분(권역) | D2: 사업명(공식) | E2: 시행기관/주관부서 | F2: 지원대상 | G2: 지원한도(최대금액) | H2: 지원율 | I2: 필수 공사조건 및 항목 | J2: 신청시기(2026년) | K2: 접수처 | L2: 접수상태(2026.9.8 기준) | M2: 상태구분 | N2: 출처(URL)
B3: 1 | C3: 전국 | D3: 2026년 민간건축물 그린리모델링 컨설팅 지원사업(제2차) | E3: 국토교통부(녹색건축과) / 국토안전관리원 그린리모델링 창조센터 | F3: 준공 10년 이상 경과 단독주택·비주거 건축물 소유주(공동주택 제외), 2026년 2차 300~500동 내외 | G3: 건축주 지원금 상한 미기재(컨설팅 비용 전액) / 수행 컨소시엄당 4~6억원 | H3: 100%(무료 컨설팅) | I3: 공사 항목 아님 - 현장진단·시뮬레이션 기반 개선안·견적, 절감량·투자회수기간 분석, 이자지원사업 신청서류 지원 | J3: 2026.7.1(2차)~예산 소진 시까지 | K3: 이메일 gr_kalis@kalis.or.kr, 국토안전관리원 ☎055-771-4749/4907/4883 | L3: 진행 가능성 있음(조기 마감 가능) - 콜센터 확인 필요 | M3: 진행중 | N3: https://www.greenremodeling.or.kr/n1/board/boardView.asp?bid=notice&nSeq=5824 ; https://www.korea.kr/news/customizedNewsView.do?newsId=148964854
B4: 2 | C4: 전국 | D4: 2026년 민간건축물 그린리모델링 이자지원 사업 | E4: 국토안전관리원 그린리모델링 창조센터(국토부 공고 제2026-350호, 변경 제2026-876호) | F4: 2016.1.1 이전 사용승인 민간건축물(단독·공동세대·비주거), 공시가 12억원 초과 고가주택 제외, 다주택자 1채 한정, 취약계층 우대 | G4: 비주거 최대 200억원 / 단독주택 최대 1억원 / 공동주택 단위세대 최대 3천만원 | H4: 이차보전 4.5%p(성능개선 20~30%미만) ~ 5.5%p(30%이상·사회배려계층), 카드이용시 4.5% 고정 | I4: 외벽단열·고성능창호·고효율기기(냉난방·보일러·LED 중 1건)·폐열회수환기장치 중 1개 이상 + 성능개선율 20%이상 | J4: 상시 접수(총예산 80억원 소진 시 종료) | K4: 등록 그린리모델링 사업자를 통해 신청, greenremodeling.or.kr | L4: 진행중(예산 소진 여부 확인 필요) | M4: 진행중 | N4: https://www.greenremodeling.or.kr/include/filedown.asp?bid=notice&nFileSeq=15536 ; https://www.greenremodeling.or.kr/n1/support/sup1000.asp
B5: 3 | C5: 국가 | D5: 2026년도 공공건축물 그린리모델링 지원사업 2.0 | E5: 국토교통부(녹색건축과) / 국토안전관리원(위탁시행) | F5: 공공건축물 28종(도서관·경로당·복지시설 등), 준공 10년이상(2016.1.1 이전), 임차건축물 잔여기간 5년이상 | G5: 3.3㎡당 200~560만원, 사업당 국비 최대 70억원(서울·중앙·공공 50억원) | H5: 50%(서울·중앙·공공) / 70%(그 외 지자체) | I5: 총사업비 대비 에너지성능개선 40%이상, 기후위기적응 30%이하, 추가지원 30%이하 비율 요건 | J5: 2026.4.7~4.24(마감, 종료) - 연1회 공모 | K5: greenremodeling.or.kr 공모 접수 | L5: 종료(2026.6.3 전국 318동 선정 완료) | M5: 종료 | N5: https://www.greenremodeling.or.kr/n1/business/bus1000.asp
B6: 4 | C6: 경기도(광역) | D6: 경기도 주택 패시브 리모델링 지원사업 | E6: 경기도 건축정책과 + 13개 시·군 건축부서 | F6: 준공 10년이상 단독·다세대·연립 소유자, 2026년 13개 시군 85세대(용인·고양·평택·파주·김포·하남·광명·이천·구리·여주·과천·가평·연천) | G6: 세대당 최대 1,000만원(도비 50%+시군비 50%) | H6: 순공사비의 90%(구리시 기준, 광명시는 자부담 50%로 안내해 시군별 상이) | I6: 고기밀 단열보강 또는 창호 교체 중 1개 이상 필수, 사전컨설팅 및 사후 효과분석 수반 | J6: 시·군별 공고(통상 1월) 예: 구리시 2026.1.16~1.30 | K6: 해당 시·군 건축부서 방문접수 예: 구리시청 건축과 ☎031-550-2391 | L6: 종료(1월 마감, 물량 85세대로 매우 제한적) | M6: 종료 | N6: https://gnews.gg.go.kr/briefing/brief_gongbo_view.do?BS_CODE=s017&number=68930 ; https://www.guri.go.kr/www/selectGosiNttView.do?key=387&searchGosiSe=01,02,04,06&gosiNttNo=46863
B7: 5 | C7: 경기도(광역) | D7: 경기도 햇살하우징 | E7: 경기도 주택정책과(사업주체) / 경기주택도시공사 GH(시행) | F7: 경기도 거주 중위소득 50%이하 가구(4인 3,048,887원/월), 집주인 동의 필수, 기수혜자 등 제외 | G7: 가구당 500만원 이내(인건비 등 포함) | H7: 명시 없음(무상 시공, 국비/도비 분담률 원문 미기재) | I7: 기밀성 창호·문, 벽체 단열보강, LED, 보일러·에어컨 교체 등 진단 후 항목 확정 | J7: 시·군별 연초 모집(예: 안산 2026.1.16~2.25) | K7: 주소지 읍·면·동 행정복지센터 방문접수 | L7: 종료(대부분 1~2월 마감) | M7: 종료 | N7: https://housing.gg.go.kr/html/24302.do ; https://min24.energy.or.kr/consult/info/view3_3.do
B8: 6 | C8: 전국 | D8: 2026년 저소득층 에너지효율개선사업(난방·냉방) | E8: 한국에너지재단(기후에너지환경부 소관, 국고보조) | F8: 국민기초생활수급가구, 차상위계층, 지자체 추천 복지사각지대 가구, 사회복지시설 | G8: 난방 가구당 평균 243만원(최대 330만원) / 사회복지시설 1,100만원 / 냉방 평균 약 72만원(벽걸이에어컨 1대) | H8: 국고보조 100%, 수혜가구 자부담 없음 | I8: 난방: 벽체단열·창호교체·바닥공사, 보일러 교체 / 냉방: 벽걸이 에어컨 설치 | J8: 냉방 접수 2026.3.3~3.27(마감) / 난방 2026.3.3~예산 소진 시까지 상시 | K8: 주소지 읍·면·동 행정복지센터 방문 신청 | L8: 난방 진행 가능성 있음(잔여예산 콜센터 1670-7653 확인 필요), 냉방 종료 | M8: 진행중 | N8: https://www.e-policy.or.kr/web/lay1/program/S1T9C14/curation/view.do?cr_seq=109 ; https://min24.energy.or.kr/greenhome/contents/view004_02_01.do
B9: 7 | C9: 전국 | D9: 한국에너지공단 에너지이용합리화자금 융자사업 | E9: 한국에너지공단 자금융자실(☎052-920-0492~6), 산업통상자원부 공고 | F9: 보일러·요로설비·폐열이용설비 등 설치자, ESCO 성과보증계약 사업자, 건물 소유자·세입자 | G9: 동일 투자사업장당 최대 300억원(생산시설·열수송시설은 50억원 이내) | H9: 소요자금의 70%이내(중소기업 90%이내, ESCO투자·열수송개체사업 100%이내) | I9: 에너지진단 결과 절감효과 5%이상(ESCO투자사업), 지침 별표1 대상설비 | J9: 매월 1~7일 접수(연중 상시) | K9: 한국에너지공단 자금융자실/자금융자처 | L9: 상시 진행중 | M9: 진행중 | N9: https://www.energy.or.kr/front/conts/105002001023000.do
B10: 8 | C10: 서울시 | D10: 2026년 건물에너지효율화(BRP) 융자지원사업(건물부문) | E10: 서울특별시(저탄소건물지원센터 ☎02-2133-9700) | F10: 사용승인 15년이상 경과 서울 소재 건물(주거·비주거), 성능개선 공사 계획·진행 중인 건물 | G10: 2026년 건물부문 총 50억원 규모, 신재생에너지 설비는 공사비 80%이내 | H10: 연 0.8% 장기저리 융자(성능개선 공사비 100%이내, 신재생 80%이내) | I10: 단열창호·단열덧창·내외벽단열재, 고효율 냉온수기·냉동기·펌프 등 설치 | J10: 2026.2.2~11.13 | K10: 서울시 저탄소건물지원센터, 온라인 신청 가능 | L10: 진행중(예산 소진 시 조기마감) | M10: 진행중 | N10: https://www.esco.or.kr/notice/notice?bc_seq=1&method=view&b_seq=6981
B11: 9 | C11: 국가 | D11: 노후 공공임대주택 그린리모델링 사업 | E11: 국토교통부(그린뉴딜) + 한국토지주택공사(LH) 시행 | F11: 건령 15년이상 노후 영구임대(19만호)·매입임대(3.5만호), 입주민 개별신청 불가(단지 단위 시행) | G11: 국비+LH/지자체 사업비, 2021년 4만호 약 5,900억원, 2024년 108단지 8,910호 발주 | H11: 명시 없음(입주민 자부담 없음, 발주형 사업) | I11: 고성능 단열재·창호, LED, 콘덴싱보일러, 복합환기시스템, 세대통합 리모델링 등 | J11: LH 연간계획에 따라 연초(1~3월) 공사 발주, 2026년 신규 발주 여부 확인 불가 | K11: 개별 신청 접수처 없음, LH콜센터 1600-1004 | L11: n.a.(2026년 신규 발주 미확인) | M11: 확인불가 | N11: https://www.molit.go.kr/newdeal/sub/sub_2_1.jsp ; https://www.dnews.co.kr/uhtml/view.jsp?idxno=202401191008241640929
B12: 10 | C12: 수원시 | D12: 2026년 새빛하우스 집수리 지원사업 | E12: 수원도시재단 주거복지센터(「수원시 저층 노후주택 집수리 지원 조례」 제7조) | F12: 집수리지원구역 내 사용승인 20년이상 단독·다가구·다세대·연립·상가주택 소유자, 소득기준 없음 | G12: 단독주택 최대 1,200만원 / 다세대·연립 개별세대·상가 최대 500만원 / 현관 단열방화문 최대 600만원 / 공용부 1,400~2,000만원 | H12: 총공사비의 90%이내(우선선정가구는 100%) | I12: 방수·단열·도장·창호·금속·난방설비·담장 등, 재단 등록 시공업체 통해 시공 의무 | J12: 2026.1.5~2.27(종료) | K12: 수원도시재단 주거복지센터 | L12: 종료 | M12: 종료 | N12: https://www.sscf2016.or.kr/entry_view.do?mn_key=02020000&srch_page=1&ACV_CNT_BOARD_NUM=202601051248190971
B13: 11 | C13: 수원시 | D13: 2026년 주거취약계층 클린서비스 사업 | E13: 수원도시재단 | F13: 수원시 실거주, 중위소득 75%이하(4인 4,871,054원/월), 저장강박의심·독거노인·장애인가구 | G13: 가구당 200만원 내(10가구 내외, 재단 상시안내는 100만원으로 상이 표기) | H13: 명시 없음 | I13: 청소·정리수납·방역 등(시설공사 아님) | J13: 2026.6.8~예산 소진 시까지(상시) | K13: 수원도시재단 | L13: 진행중(예산 소진 시 종료) | M13: 진행중 | N13: https://www.sscf2016.or.kr/sscf2019_files/contest/1780873066291_0291.pdf ; https://www.suzip.or.kr/hw/clean.do
B14: 12 | C14: 수원시 | D14: 2026년 주거취약계층 주거환경개선사업(집수리) 2차 | E14: 수원도시재단 | F14: 기초수급·차상위, 최저주거기준 미달 또는 지하·반지하 거주, 재난피해가구 등 | G14: 가구당 300만원 내외(5가구 내외) | H14: 명시 없음 | I14: 주거환경개선 집수리 공사 | J14: 2026.9.7~9.11(마감) | K14: 수원도시재단 | L14: 종료 | M14: 종료 | N14: https://sscf2016.or.kr/entry_view.do?mn_key=&srch_page=2&ACV_CNT_BOARD_NUM=202609011143510020
... B26: 24 | C26: 서울시 | D26: 2026년 새빛주택 지원사업 | E26: 서울시 기후환경본부 친환경건물과 / 서울시 저탄소건물지원센터 | F26: 서울 소재 사용승인 15년이상+공시가격 3억원이하 주택 소유자 또는 소유자 위임 세입자 | G26: 단독(다중·다가구) 최대 500만원 / 공동(다세대·연립·아파트) 최대 300만원(2026년 예산 15억원) | H26: 순공사비의 70%이내(기초수급자·차상위는 90%까지) | I26: 저효율 창호를 단열창호(효율 1~3등급)로 전량 교체 또는 형광등·백열등을 고효율 LED로 전량 교체 | J26: 2026.2.9~9.30 접수 중(보조금 심의 매월 1회, 마지막 10.21) | K26: 온라인 brp.eseoul.go.kr / 서울시 저탄소건물지원센터(중구 덕수궁길15) | L26: 접수중(2026.9.30까지, 8개 지자체 사업 중 유일하게 진행중) | M26: 진행중 | N26: https://www.seoul.go.kr/news/news_notice.do?bbsNo=277&nttNo=451728 ; https://news.seoul.go.kr/env/archives/567370
B28: 범례: | D28: 접수중 / 진행 가능성 | G28: 접수 종료 | J28: 확인 불가 / 원문 미공개
B30: 주1) 위 표의 모든 값은 각 행 마지막 열(출처)에 표기된 공식 공고문·기관 홈페이지 원문을 확인하여 작성했습니다. 원문에 명시되지 않은 항목은 "명시 없음" 또는 "확인 불가"로 표기했습니다. 주2) 시·군별 자부담 비율·매칭비율은 지자체마다 상이할 수 있으므로 신청 전 해당 지자체 공고문을 반드시 재확인하시기 바랍니다. 주3) 접수상태는 2026년 9월 8일 기준이며, 예산 소진 등으로 조기 마감될 수 있습니다. 6번(저소득층 에너지효율개선)은 난방 부문만 진행중이며 냉방은 종료되었습니다.

Sheet 접수현황 요약
B1: 지역·상태별 사업 현황 요약
B3: 구분(권역) | C3: 사업 수 | D3: 접수중 | E3: 종료 | F3: 확인불가
B4: 국가 | C4: =COUNTIF(종합비교표!$C$3:$C$26,B4) -> 2 | D4: =COUNTIFS(종합비교표!$C$3:$C$26,B4,종합비교표!$M$3:$M$26,"진행중") -> 0 | E4: =COUNTIFS(종합비교표!$C$3:$C$26,B4,종합비교표!$M$3:$M$26,"종료") -> 1 | F4: =COUNTIFS(종합비교표!$C$3:$C$26,B4,종합비교표!$M$3:$M$26,"확인불가") -> 1
B5: 경기도(광역) | C5: =COUNTIF(종합비교표!$C$3:$C$26,B5) -> 2 | D5: =COUNTIFS(종합비교표!$C$3:$C$26,B5,종합비교표!$M$3:$M$26,"진행중") -> 0 | E5: =COUNTIFS(종합비교표!$C$3:$C$26,B5,종합비교표!$M$3:$M$26,"종료") -> 2 | F5: =COUNTIFS(종합비교표!$C$3:$C$26,B5,종합비교표!$M$3:$M$26,"확인불가") -> 0
B6: 서울시(참고) | C6: =COUNTIF(종합비교표!$C$3:$C$26,B6) -> 0 | D6: =COUNTIFS(종합비교표!$C$3:$C$26,B6,종합비교표!$M$3:$M$26,"진행중") -> 0 | E6: =COUNTIFS(종합비교표!$C$3:$C$26,B6,종합비교표!$M$3:$M$26,"종료") -> 0 | F6: =COUNTIFS(종합비교표!$C$3:$C$26,B6,종합비교표!$M$3:$M$26,"확인불가") -> 0
B7: 수원시 | C7: =COUNTIF(종합비교표!$C$3:$C$26,B7) -> 4 | D7: =COUNTIFS(종합비교표!$C$3:$C$26,B7,종합비교표!$M$3:$M$26,"진행중") -> 1 | E7: =COUNTIFS(종합비교표!$C$3:$C$26,B7,종합비교표!$M$3:$M$26,"종료") -> 3 | F7: =COUNTIFS(종합비교표!$C$3:$C$26,B7,종합비교표!$M$3:$M$26,"확인불가") -> 0
B8: 김포시 | C8: =COUNTIF(종합비교표!$C$3:$C$26,B8) -> 2 | D8: =COUNTIFS(종합비교표!$C$3:$C$26,B8,종합비교표!$M$3:$M$26,"진행중") -> 1 | E8: =COUNTIFS(종합비교표!$C$3:$C$26,B8,종합비교표!$M$3:$M$26,"종료") -> 1 | F8: =COUNTIFS(종합비교표!$C$3:$C$26,B8,종합비교표!$M$3:$M$26,"확인불가") -> 0
B9: 용인시 | C9: =COUNTIF(종합비교표!$C$3:$C$26,B9) -> 1 | D9: =COUNTIFS(종합비교표!$C$3:$C$26,B9,종합비교표!$M$3:$M$26,"진행중") -> 0 | E9: =COUNTIFS(종합비교표!$C$3:$C$26,B9,종합비교표!$M$3:$M$26,"종료") -> 1 | F9: =COUNTIFS(종합비교표!$C$3:$C$26,B9,종합비교표!$M$3:$M$26,"확인불가") -> 0
B10: 성남시 | C10: =COUNTIF(종합비교표!$C$3:$C$26,B10) -> 2 | D10: =COUNTIFS(종합비교표!$C$3:$C$26,B10,종합비교표!$M$3:$M$26,"진행중") -> 0 | E10: =COUNTIFS(종합비교표!$C$3:$C$26,B10,종합비교표!$M$3:$M$26,"종료") -> 2 | F10: =COUNTIFS(종합비교표!$C$3:$C$26,B10,종합비교표!$M$3:$M$26,"확인불가") -> 0
B11: 화성시 | C11: =COUNTIF(종합비교표!$C$3:$C$26,B11) -> 2 | D11: =COUNTIFS(종합비교표!$C$3:$C$26,B11,종합비교표!$M$3:$M$26,"진행중") -> 0 | E11: =COUNTIFS(종합비교표!$C$3:$C$26,B11,종합비교표!$M$3:$M$26,"종료") -> 1 | F11: =COUNTIFS(종합비교표!$C$3:$C$26,B11,종합비교표!$M$3:$M$26,"확인불가") -> 1
B12: 안양시 | C12: =COUNTIF(종합비교표!$C$3:$C$26,B12) -> 1 | D12: =COUNTIFS(종합비교표!$C$3:$C$26,B12,종합비교표!$M$3:$M$26,"진행중") -> 0 | E12: =COUNTIFS(종합비교표!$C$3:$C$26,B12,종합비교표!$M$3:$M$26,"종료") -> 1 | F12: =COUNTIFS(종합비교표!$C$3:$C$26,B12,종합비교표!$M$3:$M$26,"확인불가") -> 0
B13: 고양시 | C13: =COUNTIF(종합비교표!$C$3:$C$26,B13) -> 2 | D13: =COUNTIFS(종합비교표!$C$3:$C$26,B13,종합비교표!$M$3:$M$26,"진행중") -> 0 | E13: =COUNTIFS(종합비교표!$C$3:$C$26,B13,종합비교표!$M$3:$M$26,"종료") -> 2 | F13: =COUNTIFS(종합비교표!$C$3:$C$26,B13,종합비교표!$M$3:$M$26,"확인불가") -> 0
B14: 합계 | C14: =SUM(C4:C13) -> 18 | D14: =SUM(D4:D13) -> 2 | E14: =SUM(E4:E13) -> 14 | F14: =SUM(F4:F13) -> 2
B17: 2026년 9월 8일 기준, 현재 접수 중이거나 접수 가능성이 있는 사업
B18: 사업명 | C18: 접수처
B19: 2026년 민간건축물 그린리모델링 컨설팅 지원사업(제2차) | C19: 이메일 gr_kalis@kalis.or.kr, 국토안전관리원 ☎055-771-4749/4907/4883 | 2026.7.1(2차)~예산 소진 시까지
B20: 2026년 민간건축물 그린리모델링 이자지원 사업 | C20: 등록 그린리모델링 사업자를 통해 신청, greenremodeling.or.kr | 상시 접수(총예산 80억원 소진 시 종료)
B21: 2026년 저소득층 에너지효율개선사업(난방·냉방) | C21: 주소지 읍·면·동 행정복지센터 방문 신청 | 냉방 접수 2026.3.3~3.27(마감) / 난방 2026.3.3~예산 소진 시까지 상시
B22: 한국에너지공단 에너지이용합리화자금 융자사업 | C22: 한국에너지공단 자금융자실/자금융자처 | 매월 1~7일 접수(연중 상시)
B23: 2026년 건물에너지효율화(BRP) 융자지원사업(건물부문) | C23: 서울시 저탄소건물지원센터, 온라인 신청 가능 | 2026.2.2~11.13
B24: 2026년 주거취약계층 클린서비스 사업 | C24: 수원도시재단 | 2026.6.8~예산 소진 시까지(상시)
B25: 가정용 친환경(콘덴싱) 보일러 설치 지원 사업 | C25: 김포시 기후에너지과 | 연중 상시(예산 소진 시까지)
B26: 2026년 새빛주택 지원사업 | C26: 온라인 brp.eseoul.go.kr / 서울시 저탄소건물지원센터(중구 덕수궁길15) | 2026.2.9~9.30 접수 중(보조금 심의 매월 1회, 마지막 10.21)
